location_id;time;temperature_2m_mean (°C);precipitation_sum (mm);wind_gusts_10m_max (km/h);high_temp;high_wind;high_precip
0;2025-06-01;21.8;1.3;38.2;0;0;0
0;2025-06-02;23.4;0;38.5;0;0;0
0;2025-06-03;22.5;1.1;42.8;0;0;0
0;2025-06-04;22.6;0.1;33.1;0;0;0
0;2025-06-05;25.6;0;41.8;1;0;0
0;2025-06-06;25.1;0;41.8;1;0;0
0;2025-06-07;25.4;0.3;49.3;1;1;0
0;2025-06-08;23.2;1.9;46.8;0;1;0
0;2025-06-09;18.6;0.7;39.2;0;0;0
0;2025-06-10;18.3;0;40.3;0;0;0
0;2025-06-11;20.8;0;48.6;0;1;0
0;2025-06-12;18.8;0;24.8;0;0;0
0;2025-06-13;18.6;0;45.4;0;1;0
0;2025-06-14;20.3;0;39.2;0;0;0
0;2025-06-15;21.6;0;30.2;0;0;0
0;2025-06-16;23.7;0;38.2;0;0;0
0;2025-06-17;22;0;42.8;0;0;0
0;2025-06-18;23.3;0;32;0;0;0
0;2025-06-19;24.8;0;48.6;0;1;0
0;2025-06-20;20.2;0;50.8;0;1;0
0;2025-06-21;20.1;0;34.9;0;0;0
0;2025-06-22;22.7;0;26.6;0;0;0
0;2025-06-23;26.2;0;42.5;1;0;0
0;2025-06-24;24.8;1.1;46.8;0;1;0
0;2025-06-25;27;0;54.4;1;1;0
0;2025-06-26;27.6;0;33.1;1;0;0
0;2025-06-27;25.4;1.3;30.6;1;0;0
0;2025-06-28;22.7;0.2;42.8;0;0;0
0;2025-06-29;24.7;0.4;24.1;0;0;0
0;2025-06-30;24.7;0.1;35.3;0;0;0
0;2025-07-01;22.6;0;28.1;0;0;0
0;2025-07-02;24.3;0;20.2;0;0;0
0;2025-07-03;27;0;32;1;0;0
0;2025-07-04;24.2;0.4;44.6;0;0;0
0;2025-07-05;22.7;0;32.8;0;0;0
0;2025-07-06;25.1;0;36.7;1;0;0
0;2025-07-07;24.3;7.5;61.6;0;1;1
0;2025-07-08;19.1;2.4;25.6;0;0;0
0;2025-07-09;17.9;9.5;36.7;0;0;1
0;2025-07-10;17.1;3.2;29.5;0;0;0
0;2025-07-11;17.1;2.5;27.7;0;0;0
0;2025-07-12;17.8;0.5;30.6;0;0;0
0;2025-07-13;20.3;0.1;35.6;0;0;0
0;2025-07-14;23;0.2;29.9;0;0;0
0;2025-07-15;22.9;1.2;29.2;0;0;0
0;2025-07-16;20.8;0.4;26.3;0;0;0
0;2025-07-17;17.4;22;31.7;0;0;1
0;2025-07-18;18.3;0.1;18.7;0;0;0
0;2025-07-19;20.4;0.3;21.2;0;0;0
0;2025-07-20;22.5;0;20.9;0;0;0
0;2025-07-21;24.4;1.5;31;0;0;0
0;2025-07-22;24.4;0;36.4;0;0;0
0;2025-07-23;24.7;0;24.8;0;0;0
0;2025-07-24;24.5;0.4;32;0;0;0
0;2025-07-25;25.4;0;36.7;1;0;0
0;2025-07-26;25;2.1;29.9;0;0;0
0;2025-07-27;21.5;2.4;29.9;0;0;0
0;2025-07-28;20.4;0.8;29.5;0;0;0
0;2025-07-29;20.4;0;36.4;0;0;0
0;2025-07-30;20.6;0;27;0;0;0
0;2025-07-31;20.2;0;33.1;0;0;0
0;2025-08-01;20.8;0;26.3;0;0;0
0;2025-08-02;21.4;0;32.8;0;0;0
0;2025-08-03;21.7;3.7;28.8;0;0;0
0;2025-08-04;20.5;1.3;25.6;0;0;0
0;2025-08-05;21.3;0.1;20.5;0;0;0
0;2025-08-06;19.3;2.7;36.4;0;0;0
0;2025-08-07;18.5;0;26.3;0;0;0
0;2025-08-08;20.4;0;30.2;0;0;0
0;2025-08-09;24;0;18.7;0;0;0
0;2025-08-10;25.7;0;45;1;0;0
0;2025-08-11;22;0;37.8;0;0;0
0;2025-08-12;21.9;0;28.8;0;0;0
0;2025-08-13;23.5;0;16.2;0;0;0
0;2025-08-14;25.1;0;17.6;1;0;0
0;2025-08-15;26.9;0;28.8;1;0;0
0;2025-08-16;27.2;0;24.5;1;0;0
0;2025-08-17;23.4;1.2;43.6;0;0;0
0;2025-08-18;20.8;0;41.4;0;0;0
0;2025-08-19;20.1;0;24.1;0;0;0
0;2025-08-20;21.3;0.1;35.3;0;0;0
0;2025-08-21;20.3;6.4;32;0;0;1
0;2025-08-22;18;8.6;45;0;0;1
0;2025-08-23;16.5;0;32.4;0;0;0
0;2025-08-24;14.8;0;42.5;0;0;0
0;2025-08-25;14.4;0;32;0;0;0
0;2025-08-26;16.4;0;31.7;0;0;0
0;2025-08-27;19.6;0;27.4;0;0;0
0;2025-08-28;22;0;39.2;0;0;0
0;2025-08-29;23.9;0;32.4;0;0;0
0;2025-08-30;22.8;0.4;43.6;0;0;0
0;2025-08-31;21.3;8.2;26.6;0;0;1
0;2025-09-01;22;0;20.2;0;0;0
0;2025-09-02;22.1;0;24.5;0;0;0
0;2025-09-03;22.4;2.5;32.8;0;0;0
0;2025-09-04;22.9;0;15.8;0;0;0
0;2025-09-05;23.6;0;18.4;0;0;0
0;2025-09-06;22.1;0.1;32.4;0;0;0
0;2025-09-07;20;6.8;32.4;0;0;1
0;2025-09-08;20.1;0;29.9;0;0;0
0;2025-09-09;18.5;1.6;25.9;0;0;0
0;2025-09-10;19.8;2;24.8;0;0;0
0;2025-09-11;19.6;4.5;33.8;0;0;0
0;2025-09-12;19.1;0;20.2;0;0;0
0;2025-09-13;19.1;0.1;17.3;0;0;0
0;2025-09-14;17.3;12.4;34.2;0;0;1
0;2025-09-15;17.6;0;33.1;0;0;0
0;2025-09-16;17;1.9;28.1;0;0;0
0;2025-09-17;15.4;0.4;37.4;0;0;0
0;2025-09-18;14.8;0;23;0;0;0
0;2025-09-19;17.7;0;23.4;0;0;0
0;2025-09-20;18.4;0;19.8;0;0;0
0;2025-09-21;19.7;0;26.3;0;0;0
0;2025-09-22;20.3;0;34.2;0;0;0
0;2025-09-23;17.9;0;35.3;0;0;0
0;2025-09-24;14.1;1.6;42.1;0;0;0
0;2025-09-25;12;12.6;34.2;0;0;1
0;2025-09-26;12.3;1.4;24.5;0;0;0
0;2025-09-27;12.3;0.5;17.6;0;0;0
0;2025-09-28;12.3;0;33.5;0;0;0
0;2025-09-29;10.7;0.2;45;0;0;0
0;2025-09-30;9.9;0.3;35.3;0;0;0
0;2025-10-01;9;0.2;41.8;0;0;0
0;2025-10-02;8.2;0;48.6;0;1;0
0;2025-10-03;7.6;0;52.9;0;1;0
0;2025-10-04;8.9;1;33.5;0;0;0
0;2025-10-05;8.8;2.2;30.2;0;0;0
0;2025-10-06;9.8;0.2;17.3;0;0;0
0;2025-10-07;10.9;0.3;31;0;0;0
0;2025-10-08;11.3;0;44.6;0;0;0
0;2025-10-09;11.7;0;18.7;0;0;0
0;2025-10-10;11.3;0.5;29.2;0;0;0
0;2025-10-11;12.5;0.3;16.9;0;0;0
0;2025-10-12;11.5;0;22.3;0;0;0
0;2025-10-13;9.8;0.7;16.2;0;0;0
0;2025-10-14;8.6;0.1;20.9;0;0;0
0;2025-10-15;9.4;0;14;0;0;0
0;2025-10-16;9.8;0;27;0;0;0
0;2025-10-17;9.2;0;18;0;0;0
0;2025-10-18;9.6;0.1;42.1;0;0;0
0;2025-10-19;5.5;0;25.9;0;0;0
0;2025-10-20;3.7;0;19.4;0;0;0
0;2025-10-21;3;1.8;12.6;0;0;0
0;2025-10-22;10;0;18.4;0;0;0
0;2025-10-23;13.2;4.1;36;0;0;0
0;2025-10-24;11.2;14.6;63;0;1;1
0;2025-10-25;8.6;2.3;39.2;0;0;0
0;2025-10-26;8.5;0;20.2;0;0;0
0;2025-10-27;8.4;0.7;50.4;0;1;0
0;2025-10-28;9.5;0.2;44.3;0;0;0
0;2025-10-29;11;0;27;0;0;0
0;2025-10-30;12.6;0;37.1;0;0;0
0;2025-10-31;8.4;0;17.6;0;0;0
0;2025-11-01;10.5;0;15.8;0;0;0
0;2025-11-02;10.6;0;24.8;0;0;0
0;2025-11-03;11.6;2.1;30.2;0;0;0
0;2025-11-04;7.8;0;16.6;0;0;0
0;2025-11-05;5.8;0;13.3;0;0;0
0;2025-11-06;5.8;0;15.5;0;0;0
0;2025-11-07;5.6;0;16.9;0;0;0
0;2025-11-08;8.3;6.2;14.8;0;0;1
0;2025-11-09;9.1;1.4;17.3;0;0;0
0;2025-11-10;6.4;0;15.1;0;0;0
0;2025-11-11;4.8;0;26.6;0;0;0
0;2025-11-12;5.4;0;17.3;0;0;0
0;2025-11-13;5.9;0;19.1;0;0;0
0;2025-11-14;6.1;0;18;0;0;0
0;2025-11-15;7.4;0;13.7;0;0;0
0;2025-11-16;8.8;0.6;24.1;0;0;0
0;2025-11-17;10.2;3.8;44.3;0;0;0
0;2025-11-18;3.3;7.2;29.5;0;0;1
0;2025-11-19;0.1;0;16.9;0;0;0
0;2025-11-20;3.8;0.3;27.7;0;0;0
0;2025-11-21;3.1;20.9;45.4;0;1;1
0;2025-11-22;1.7;8;50.8;0;1;1
0;2025-11-23;1.1;2.4;25.6;0;0;0
1;2025-06-01;20.8;0.5;30.2;0;0;0
1;2025-06-02;22.7;0;34.6;0;0;0
1;2025-06-03;22.6;0.3;47.9;0;1;0
1;2025-06-04;23.2;0;27.4;0;0;0
1;2025-06-05;25.2;0;33.1;1;0;0
1;2025-06-06;25.2;0;36.4;1;0;0
1;2025-06-07;25.3;0;39.2;1;0;0
1;2025-06-08;23.9;0.2;39.2;0;0;0
1;2025-06-09;18.1;0;36.4;0;0;0
1;2025-06-10;18;0;18.7;0;0;0
1;2025-06-11;19.4;0.1;46.4;0;1;0
1;2025-06-12;18.4;0;33.8;0;0;0
1;2025-06-13;17.7;0;37.1;0;0;0
1;2025-06-14;18.6;0;34.6;0;0;0
1;2025-06-15;20.1;0;19.4;0;0;0
1;2025-06-16;23.4;0;39.2;0;0;0
1;2025-06-17;21.6;0;43.6;0;0;0
1;2025-06-18;22.5;0;21.2;0;0;0
1;2025-06-19;23.4;0;40;0;0;0
1;2025-06-20;19.9;0;42.8;0;0;0
1;2025-06-21;19;0;31;0;0;0
1;2025-06-22;20.9;0;26.6;0;0;0
1;2025-06-23;24.2;0;38.5;0;0;0
1;2025-06-24;23.9;0;46.1;0;1;0
1;2025-06-25;25.6;0;38.5;1;0;0
1;2025-06-26;27.1;0;24.1;1;0;0
1;2025-06-27;25;2.2;36.7;0;0;0
1;2025-06-28;21.6;0.6;41.4;0;0;0
1;2025-06-29;23.4;0;31.3;0;0;0
1;2025-06-30;23.6;0.4;37.1;0;0;0
1;2025-07-01;21.4;0;35.6;0;0;0
1;2025-07-02;22.3;0;25.2;0;0;0
1;2025-07-03;25.6;0;13.7;1;0;0
1;2025-07-04;23.9;0.7;49.3;0;1;0
1;2025-07-05;22.1;0;33.5;0;0;0
1;2025-07-06;25.2;0;22;1;0;0
1;2025-07-07;25.3;1.9;59.4;1;1;0
1;2025-07-08;20.5;7.5;47.2;0;1;1
1;2025-07-09;17.2;12.5;26.6;0;0;1
1;2025-07-10;17.2;1.6;28.4;0;0;0
1;2025-07-11;17.2;3.8;29.2;0;0;0
1;2025-07-12;18.7;0.3;28.8;0;0;0
1;2025-07-13;22;0.2;36.4;0;0;0
1;2025-07-14;24.6;0;29.2;0;0;0
1;2025-07-15;23.9;0.5;26.6;0;0;0
1;2025-07-16;21.7;0.5;43.2;0;0;0
1;2025-07-17;18.2;2.1;31.7;0;0;0
1;2025-07-18;18.3;0.8;31.7;0;0;0
1;2025-07-19;21;0;29.5;0;0;0
1;2025-07-20;24.4;0;27.4;0;0;0
1;2025-07-21;26.4;0.2;32.4;1;0;0
1;2025-07-22;25.3;0;39.6;1;0;0
1;2025-07-23;25.2;0;27.7;1;0;0
1;2025-07-24;26.9;0;20.5;1;0;0
1;2025-07-25;27.3;0;33.5;1;0;0
1;2025-07-26;27.2;2.4;44.6;1;0;0
1;2025-07-27;22.1;11.3;38.5;0;0;1
1;2025-07-28;20.9;1;33.1;0;0;0
1;2025-07-29;20.7;0;49.3;0;1;0
1;2025-07-30;20.9;0;32.4;0;0;0
1;2025-07-31;21.5;0;38.2;0;0;0
1;2025-08-01;21.5;0;34.9;0;0;0
1;2025-08-02;23.5;0;20.9;0;0;0
1;2025-08-03;21.9;9;33.8;0;0;1
1;2025-08-04;20.9;3.4;18.4;0;0;0
1;2025-08-05;21.6;0.2;16.6;0;0;0
1;2025-08-06;20.2;0.7;34.6;0;0;0
1;2025-08-07;19.5;0;27;0;0;0
1;2025-08-08;20.9;0;20.5;0;0;0
1;2025-08-09;24.3;0;14.4;0;0;0
1;2025-08-10;26.7;0;42.5;1;0;0
1;2025-08-11;22.9;0;43.6;0;0;0
1;2025-08-12;21.8;0;23.8;0;0;0
1;2025-08-13;23.6;0;17.3;0;0;0
1;2025-08-14;26.3;0;22.3;1;0;0
1;2025-08-15;27.2;0;22;1;0;0
1;2025-08-16;27.9;0;20.2;1;0;0
1;2025-08-17;25;0.6;46.4;0;1;0
1;2025-08-18;21.9;0;43.9;0;0;0
1;2025-08-19;21.1;0;24.8;0;0;0
1;2025-08-20;23;0;30.6;0;0;0
1;2025-08-21;21.3;3.2;41.8;0;0;0
1;2025-08-22;18.2;15.3;53.3;0;1;1
1;2025-08-23;17.4;0;32;0;0;0
1;2025-08-24;15.1;0;28.4;0;0;0
1;2025-08-25;15.5;0;30.2;0;0;0
1;2025-08-26;18;0;38.2;0;0;0
1;2025-08-27;21;0;28.8;0;0;0
1;2025-08-28;23.7;0;33.8;0;0;0
1;2025-08-29;25.4;0;37.1;1;0;0
1;2025-08-30;24.6;0;28.8;0;0;0
1;2025-08-31;21.4;5.2;25.6;0;0;1
1;2025-09-01;22.1;0.1;18.7;0;0;0
1;2025-09-02;23.1;0;22;0;0;0
1;2025-09-03;22.7;10.2;36.7;0;0;1
1;2025-09-04;24.5;0;16.6;0;0;0
1;2025-09-05;25.4;0;24.5;1;0;0
1;2025-09-06;23.5;0;28.1;0;0;0
1;2025-09-07;21.8;0.8;23.8;0;0;0
1;2025-09-08;21.2;0;23.4;0;0;0
1;2025-09-09;19.1;1.6;28.1;0;0;0
1;2025-09-10;21;0;29.2;0;0;0
1;2025-09-11;19.9;9.6;47.2;0;1;1
1;2025-09-12;19.4;0.2;15.8;0;0;0
1;2025-09-13;20.3;0.8;19.4;0;0;0
1;2025-09-14;18.3;8.3;33.8;0;0;1
1;2025-09-15;17.7;0;32.4;0;0;0
1;2025-09-16;18.1;0.7;37.8;0;0;0
1;2025-09-17;15.7;0.2;37.1;0;0;0
1;2025-09-18;15.1;0;26.3;0;0;0
1;2025-09-19;18.5;0;20.5;0;0;0
1;2025-09-20;20;0;19.1;0;0;0
1;2025-09-21;21.2;0;25.6;0;0;0
1;2025-09-22;21.7;0;32;0;0;0
1;2025-09-23;20.5;0;34.2;0;0;0
1;2025-09-24;16.8;0;40.7;0;0;0
1;2025-09-25;14;10.8;39.2;0;0;1
1;2025-09-26;14.1;2.1;28.4;0;0;0
1;2025-09-27;13.3;0.7;18.4;0;0;0
1;2025-09-28;13;0;26.3;0;0;0
1;2025-09-29;11;0.1;36.7;0;0;0
1;2025-09-30;9.8;0;29.2;0;0;0
1;2025-10-01;9.2;1.6;40.3;0;0;0
1;2025-10-02;8.7;0;47.2;0;1;0
1;2025-10-03;8.2;0;44.3;0;0;0
1;2025-10-04;8.6;0;33.5;0;0;0
1;2025-10-05;9.2;4.1;32;0;0;0
1;2025-10-06;9.6;0;23.4;0;0;0
1;2025-10-07;10.3;0;32.4;0;0;0
1;2025-10-08;11.7;0;48.6;0;1;0
1;2025-10-09;12.9;0;29.2;0;0;0
1;2025-10-10;12.3;0.2;31;0;0;0
1;2025-10-11;12.3;0.7;15.1;0;0;0
1;2025-10-12;12.3;0;31;0;0;0
1;2025-10-13;10;0.2;24.8;0;0;0
1;2025-10-14;9.9;0.3;17.3;0;0;0
1;2025-10-15;10.1;0;17.6;0;0;0
1;2025-10-16;9.6;0;22.3;0;0;0
1;2025-10-17;8.9;0;17.3;0;0;0
1;2025-10-18;8.9;0;42.8;0;0;0
1;2025-10-19;5.5;0;17.3;0;0;0
1;2025-10-20;4.8;0;19.1;0;0;0
1;2025-10-21;7.5;0.2;17.6;0;0;0
1;2025-10-22;12.5;0.1;28.4;0;0;0
1;2025-10-23;15.7;3.7;39.6;0;0;0
1;2025-10-24;12.8;6.5;77.4;0;1;1
1;2025-10-25;9.3;6.6;37.4;0;0;1
1;2025-10-26;10.5;0.4;25.9;0;0;0
1;2025-10-27;8.8;1.8;42.5;0;0;0
1;2025-10-28;9.9;0.2;51.5;0;1;0
1;2025-10-29;12;0;37.4;0;0;0
1;2025-10-30;14.1;0;45.7;0;1;0
1;2025-10-31;11.3;0;20.9;0;0;0
1;2025-11-01;13.6;0;20.5;0;0;0
1;2025-11-02;14.2;0;28.4;0;0;0
1;2025-11-03;12.7;0.3;40;0;0;0
1;2025-11-04;9.2;0;17.6;0;0;0
1;2025-11-05;6.7;0;11.5;0;0;0
1;2025-11-06;6.8;0;16.9;0;0;0
1;2025-11-07;7.6;0;24.8;0;0;0
1;2025-11-08;10.1;4;17.3;0;0;0
1;2025-11-09;9.9;3.2;30.2;0;0;0
1;2025-11-10;6.7;0;17.6;0;0;0
1;2025-11-11;5.2;0;21.2;0;0;0
1;2025-11-12;6.5;0;23.8;0;0;0
1;2025-11-13;6.5;0;18.7;0;0;0
1;2025-11-14;6.7;0;15.8;0;0;0
1;2025-11-15;8;0;18.4;0;0;0
1;2025-11-16;11.1;1.3;32.4;0;0;0
1;2025-11-17;12.3;0.4;59;0;1;0
1;2025-11-18;4.2;4.7;41;0;0;0
1;2025-11-19;1.2;0;11.9;0;0;0
1;2025-11-20;6.2;1;27.7;0;0;0
1;2025-11-21;5.3;10.6;37.4;0;0;1
1;2025-11-22;2.2;6.9;41.8;0;0;1
1;2025-11-23;1.7;0.9;29.9;0;0;0
2;2025-06-01;22.3;0;34.9;0;0;0
2;2025-06-02;24.3;0;37.1;0;0;0
2;2025-06-03;24.4;0.8;45;0;0;0
2;2025-06-04;24.9;1.3;29.5;0;0;0
2;2025-06-05;25.7;0.1;28.4;1;0;0
2;2025-06-06;25.9;0;33.5;1;0;0
2;2025-06-07;26.1;0;41;1;0;0
2;2025-06-08;25;0.1;53.3;0;1;0
2;2025-06-09;18.6;0;36.4;0;0;0
2;2025-06-10;18.6;0;18;0;0;0
2;2025-06-11;21;0;49.3;0;1;0
2;2025-06-12;19.8;0;29.9;0;0;0
2;2025-06-13;19.9;0;31.7;0;0;0
2;2025-06-14;20;0;28.8;0;0;0
2;2025-06-15;22.3;0;15.8;0;0;0
2;2025-06-16;24;0;39.6;0;0;0
2;2025-06-17;23.1;0;32;0;0;0
2;2025-06-18;23.7;0;19.1;0;0;0
2;2025-06-19;25.5;0;35.6;1;0;0
2;2025-06-20;22.2;0;48.6;0;1;0
2;2025-06-21;20.5;0;30.6;0;0;0
2;2025-06-22;22.4;0;26.6;0;0;0
2;2025-06-23;25.6;0;36.4;1;0;0
2;2025-06-24;25.8;1.5;43.2;1;0;0
2;2025-06-25;28.3;0;32;1;0;0
2;2025-06-26;29.9;0;20.9;1;0;0
2;2025-06-27;27.1;0;46.4;1;1;0
2;2025-06-28;23.7;0;40.7;0;0;0
2;2025-06-29;24.9;0;28.1;0;0;0
2;2025-06-30;27.4;0;39.6;1;0;0
2;2025-07-01;24.2;0;36.4;0;0;0
2;2025-07-02;24.6;0;28.4;0;0;0
2;2025-07-03;26.9;0;18.7;1;0;0
2;2025-07-04;27.7;0;41;1;0;0
2;2025-07-05;24.3;0;34.2;0;0;0
2;2025-07-06;27.1;0;32.8;1;0;0
2;2025-07-07;24.7;10.8;44.3;0;0;1
2;2025-07-08;21.8;3.7;29.2;0;0;0
2;2025-07-09;16.5;10.5;38.2;0;0;1
2;2025-07-10;18.5;0.7;37.4;0;0;0
2;2025-07-11;18.2;6.1;25.9;0;0;1
2;2025-07-12;20.9;0;29.9;0;0;0
2;2025-07-13;25.3;0;32.4;1;0;0
2;2025-07-14;27.2;0.1;30.2;1;0;0
2;2025-07-15;26.3;0;35.6;1;0;0
2;2025-07-16;23.5;0;42.8;0;0;0
2;2025-07-17;18.6;2.2;39.2;0;0;0
2;2025-07-18;19.7;0.7;38.2;0;0;0
2;2025-07-19;22.2;0.1;29.5;0;0;0
2;2025-07-20;26;0;36;1;0;0
2;2025-07-21;28.6;0.3;32.4;1;0;0
2;2025-07-22;25.7;0;31;1;0;0
2;2025-07-23;25.9;0;23;1;0;0
2;2025-07-24;28.2;0.1;23.4;1;0;0
2;2025-07-25;28.6;0;29.5;1;0;0
2;2025-07-26;29.1;0.1;50.4;1;1;0
2;2025-07-27;22.9;2.9;36;0;0;0
2;2025-07-28;21.9;2.8;31.3;0;0;0
2;2025-07-29;21.2;0.5;43.6;0;0;0
2;2025-07-30;22;0.2;27.4;0;0;0
2;2025-07-31;22.3;0.1;35.3;0;0;0
2;2025-08-01;22.4;0;23;0;0;0
2;2025-08-02;25.1;0;20.2;1;0;0
2;2025-08-03;22.5;1;37.8;0;0;0
2;2025-08-04;21.2;0.9;21.6;0;0;0
2;2025-08-05;22.2;0.3;20.9;0;0;0
2;2025-08-06;22.1;0.1;39.6;0;0;0
2;2025-08-07;21.2;0;32;0;0;0
2;2025-08-08;23.6;0;17.3;0;0;0
2;2025-08-09;27.5;0;15.5;1;0;0
2;2025-08-10;29.9;0;32.8;1;0;0
2;2025-08-11;25.4;0;41.4;1;0;0
2;2025-08-12;23.5;0;27.4;0;0;0
2;2025-08-13;25.8;0;17.6;1;0;0
2;2025-08-14;28.3;0;28.4;1;0;0
2;2025-08-15;28.9;0;29.9;1;0;0
2;2025-08-16;29.5;0.3;22.7;1;0;0
2;2025-08-17;25;11.1;45.4;0;1;1
2;2025-08-18;22.6;0;38.5;0;0;0
2;2025-08-19;22;0;22.3;0;0;0
2;2025-08-20;24.1;0;27.4;0;0;0
2;2025-08-21;22.5;44.8;36.7;0;0;1
2;2025-08-22;19.9;1.3;62.6;0;1;0
2;2025-08-23;18.4;0;43.2;0;0;0
2;2025-08-24;16.7;0;34.6;0;0;0
2;2025-08-25;17.3;0;28.8;0;0;0
2;2025-08-26;20.3;0;29.5;0;0;0
2;2025-08-27;22.9;0;32.8;0;0;0
2;2025-08-28;25.8;0;46.1;1;1;0
2;2025-08-29;28.4;0;50.8;1;1;0
2;2025-08-30;24.8;0.1;59.8;0;1;0
2;2025-08-31;21.6;0.5;27.4;0;0;0
2;2025-09-01;23.1;0;24.1;0;0;0
2;2025-09-02;24.3;0;23;0;0;0
2;2025-09-03;25.2;0.3;33.1;1;0;0
2;2025-09-04;25.2;0;23;1;0;0
2;2025-09-05;26.6;0;16.2;1;0;0
2;2025-09-06;24.1;0.8;32.4;0;0;0
2;2025-09-07;22.6;0.4;37.4;0;0;0
2;2025-09-08;23;4.2;24.5;0;0;0
2;2025-09-09;21.9;5.1;30.2;0;0;1
2;2025-09-10;22.4;5.2;48.2;0;1;1
2;2025-09-11;20.4;9.9;51.5;0;1;1
2;2025-09-12;20.1;0;16.2;0;0;0
2;2025-09-13;21.7;0;25.6;0;0;0
2;2025-09-14;19.4;9.2;48.6;0;1;1
2;2025-09-15;18.6;0;24.8;0;0;0
2;2025-09-16;19;1.2;44.3;0;0;0
2;2025-09-17;16.9;0;46.1;0;1;0
2;2025-09-18;16.8;0;30.2;0;0;0
2;2025-09-19;20.4;0;24.1;0;0;0
2;2025-09-20;21.5;0;19.8;0;0;0
2;2025-09-21;22.9;0;42.5;0;0;0
2;2025-09-22;23.7;0;44.6;0;0;0
2;2025-09-23;22.6;0;28.1;0;0;0
2;2025-09-24;19.3;0.3;32;0;0;0
2;2025-09-25;15.9;4.8;29.5;0;0;0
2;2025-09-26;16.8;0;25.2;0;0;0
2;2025-09-27;15.2;0;22;0;0;0
2;2025-09-28;14.7;2.2;22.3;0;0;0
2;2025-09-29;12.3;0.4;33.8;0;0;0
2;2025-09-30;10.3;0;24.5;0;0;0
2;2025-10-01;9.8;0.4;31.7;0;0;0
2;2025-10-02;9.3;0;43.6;0;0;0
2;2025-10-03;8.8;0;46.8;0;1;0
2;2025-10-04;9.3;0.3;30.6;0;0;0
2;2025-10-05;10.7;1.3;28.8;0;0;0
2;2025-10-06;11.1;3.4;31.7;0;0;0
2;2025-10-07;11.5;0;31.3;0;0;0
2;2025-10-08;12;0;44.6;0;0;0
2;2025-10-09;12.2;0;23.4;0;0;0
2;2025-10-10;13.8;0.1;48.2;0;1;0
2;2025-10-11;14.1;0.1;41.4;0;0;0
2;2025-10-12;12.6;0;24.8;0;0;0
2;2025-10-13;11.3;0;20.5;0;0;0
2;2025-10-14;10.5;0.1;22.7;0;0;0
2;2025-10-15;11.4;0.6;17.3;0;0;0
2;2025-10-16;9.8;0;20.2;0;0;0
2;2025-10-17;10.2;0;14.4;0;0;0
2;2025-10-18;10.4;0;41.4;0;0;0
2;2025-10-19;6;0;25.2;0;0;0
2;2025-10-20;6.7;0;22.7;0;0;0
2;2025-10-21;11.7;0;32.4;0;0;0
2;2025-10-22;13.8;0;30.6;0;0;0
2;2025-10-23;17.4;1.9;46.4;0;1;0
2;2025-10-24;12.9;13.8;61.2;0;1;1
2;2025-10-25;10.3;3.5;36.4;0;0;0
2;2025-10-26;10.4;4.5;24.1;0;0;0
2;2025-10-27;9.8;0.1;33.1;0;0;0
2;2025-10-28;10.1;0;50;0;1;0
2;2025-10-29;11.9;0;28.1;0;0;0
2;2025-10-30;14;0;38.2;0;0;0
2;2025-10-31;14;0;13.3;0;0;0
2;2025-11-01;14.3;0;22.7;0;0;0
2;2025-11-02;14.8;0;28.1;0;0;0
2;2025-11-03;12.1;1.5;45;0;0;0
2;2025-11-04;8.3;0;19.1;0;0;0
2;2025-11-05;6.8;0;12.6;0;0;0
2;2025-11-06;6.8;0;16.9;0;0;0
2;2025-11-07;8.3;0;17.6;0;0;0
2;2025-11-08;9.6;16.3;17.3;0;0;1
2;2025-11-09;9.1;0.8;20.5;0;0;0
2;2025-11-10;6.2;0.2;19.1;0;0;0
2;2025-11-11;6.4;0;20.5;0;0;0
2;2025-11-12;6.4;0;19.8;0;0;0
2;2025-11-13;6.7;0;17.6;0;0;0
2;2025-11-14;7.3;0;20.5;0;0;0
2;2025-11-15;9.9;0;22;0;0;0
2;2025-11-16;12.3;0;29.9;0;0;0
2;2025-11-17;12.7;2.3;50.4;0;1;0
2;2025-11-18;5.6;1.4;36.4;0;0;0
2;2025-11-19;4;0;15.1;0;0;0
2;2025-11-20;7.5;1.7;33.5;0;0;0
2;2025-11-21;6.1;10.7;29.2;0;0;1
2;2025-11-22;2.4;4.8;38.2;0;0;0
2;2025-11-23;1.5;0;25.2;0;0;0
3;2025-06-01;23.5;0;35.3;0;0;0
3;2025-06-02;24.4;0;33.1;0;0;0
3;2025-06-03;22.4;0;42.5;0;0;0
3;2025-06-04;24.7;0;48.6;0;1;0
3;2025-06-05;26.3;0.1;43.2;1;0;0
3;2025-06-06;25;0;43.6;0;0;0
3;2025-06-07;24.9;0;50;0;1;0
3;2025-06-08;21.4;0.3;65.2;0;1;0
3;2025-06-09;18.2;0.3;47.5;0;1;0
3;2025-06-10;19.6;0;31.3;0;0;0
3;2025-06-11;20.8;0;51.5;0;1;0
3;2025-06-12;20.2;0;25.2;0;0;0
3;2025-06-13;21;0;35.6;0;0;0
3;2025-06-14;21.3;0;36.7;0;0;0
3;2025-06-15;23.8;0;25.6;0;0;0
3;2025-06-16;21.6;0.6;59;0;1;0
3;2025-06-17;20.7;0;45.4;0;1;0
3;2025-06-18;23.3;0;30.2;0;0;0
3;2025-06-19;26;0;44.3;1;0;0
3;2025-06-20;21.9;0;44.3;0;0;0
3;2025-06-21;20.9;0;30.6;0;0;0
3;2025-06-22;23.1;0;30.6;0;0;0
3;2025-06-23;26.3;2;41;1;0;0
3;2025-06-24;25;0.3;42.5;0;0;0
3;2025-06-25;27.9;0;35.3;1;0;0
3;2025-06-26;29.6;0.7;62.6;1;1;0
3;2025-06-27;25.3;0;50.8;1;1;0
3;2025-06-28;23.6;0;49.7;0;1;0
3;2025-06-29;25.8;0;41.8;1;0;0
3;2025-06-30;26.2;0;44.6;1;0;0
3;2025-07-01;24.4;0;23.8;0;0;0
3;2025-07-02;25.9;0;27;1;0;0
3;2025-07-03;28.6;0;29.5;1;0;0
3;2025-07-04;26.2;0;51.8;1;1;0
3;2025-07-05;23.9;0;28.8;0;0;0
3;2025-07-06;27.1;0.2;34.2;1;0;0
3;2025-07-07;21.7;6.7;49;0;1;1
3;2025-07-08;17.6;10.3;50.8;0;1;1
3;2025-07-09;16.1;2.9;70.2;0;1;0
3;2025-07-10;18.2;0.2;54.4;0;1;0
3;2025-07-11;18.7;0;29.2;0;0;0
3;2025-07-12;20;0;29.9;0;0;0
3;2025-07-13;23.9;0;47.2;0;1;0
3;2025-07-14;25.9;0;39.2;1;0;0
3;2025-07-15;25.7;0.3;43.9;1;0;0
3;2025-07-16;22.1;0;44.6;0;0;0
3;2025-07-17;19.3;2.5;46.4;0;1;0
3;2025-07-18;19.3;1.5;41.4;0;0;0
3;2025-07-19;21.9;0.7;29.5;0;0;0
3;2025-07-20;25.7;0;32.8;1;0;0
3;2025-07-21;27.2;0.2;52.9;1;1;0
3;2025-07-22;24.3;0;38.2;0;0;0
3;2025-07-23;25.6;0;28.4;1;0;0
3;2025-07-24;26.3;0;37.8;1;0;0
3;2025-07-25;25.8;0;31.3;1;0;0
3;2025-07-26;24.8;5.5;35.3;0;0;1
3;2025-07-27;21.1;2.3;40.7;0;0;0
3;2025-07-28;21;0.5;44.3;0;0;0
3;2025-07-29;20.7;0;55.8;0;1;0
3;2025-07-30;21.1;0;36.4;0;0;0
3;2025-07-31;21.4;0;39.6;0;0;0
3;2025-08-01;23.3;0;33.1;0;0;0
3;2025-08-02;22.8;1.6;40;0;0;0
3;2025-08-03;19.8;12.8;41.4;0;0;1
3;2025-08-04;20.6;0;42.5;0;0;0
3;2025-08-05;21.2;0;31;0;0;0
3;2025-08-06;20.8;0.7;46.4;0;1;0
3;2025-08-07;20.8;0;27.4;0;0;0
3;2025-08-08;23.5;0;29.9;0;0;0
3;2025-08-09;26.8;0;26.3;1;0;0
3;2025-08-10;28.7;0;44.6;1;0;0
3;2025-08-11;25.6;0;29.2;1;0;0
3;2025-08-12;24.6;0;24.1;0;0;0
3;2025-08-13;26;0;25.2;1;0;0
3;2025-08-14;27.7;0;24.1;1;0;0
3;2025-08-15;29.3;0;23;1;0;0
3;2025-08-16;29.7;0;39.6;1;0;0
3;2025-08-17;24.5;4;43.9;0;0;0
3;2025-08-18;21.7;0;36.7;0;0;0
3;2025-08-19;21.3;0;21.6;0;0;0
3;2025-08-20;23.9;0;34.6;0;0;0
3;2025-08-21;21.1;10.3;30.6;0;0;1
3;2025-08-22;19.8;0.9;54.7;0;1;0
3;2025-08-23;17.6;0.2;50;0;1;0
3;2025-08-24;16.4;0;40.3;0;0;0
3;2025-08-25;18.7;0;36.4;0;0;0
3;2025-08-26;20.4;0;32.4;0;0;0
3;2025-08-27;23.3;0;33.5;0;0;0
3;2025-08-28;25.7;0;45.7;1;1;0
3;2025-08-29;26.3;5.9;51.5;1;1;1
3;2025-08-30;20.8;8.7;23.4;0;0;1
3;2025-08-31;19.4;2.2;35.3;0;0;0
3;2025-09-01;20.8;0;24.5;0;0;0
3;2025-09-02;23.1;1;29.9;0;0;0
3;2025-09-03;21.9;0.8;29.2;0;0;0
3;2025-09-04;22.9;0;17.3;0;0;0
3;2025-09-05;23.8;0;46.4;0;1;0
3;2025-09-06;19.7;0;53.6;0;1;0
3;2025-09-07;20.2;0;25.6;0;0;0
3;2025-09-08;21.5;0;23.8;0;0;0
3;2025-09-09;21.8;5.4;26.6;0;0;1
3;2025-09-10;20.7;18;38.5;0;0;1
3;2025-09-11;20.1;2.4;33.8;0;0;0
3;2025-09-12;20;0;16.2;0;0;0
3;2025-09-13;20.9;0.1;28.8;0;0;0
3;2025-09-14;18.1;10.8;33.5;0;0;1
3;2025-09-15;18.6;0;37.4;0;0;0
3;2025-09-16;16.6;1.6;36;0;0;0
3;2025-09-17;16;0;46.4;0;1;0
3;2025-09-18;16.7;0;29.9;0;0;0
3;2025-09-19;19.5;0;26.3;0;0;0
3;2025-09-20;20.2;0;26.6;0;0;0
3;2025-09-21;22.2;0;40;0;0;0
3;2025-09-22;21.9;0;30.6;0;0;0
3;2025-09-23;18;0;36;0;0;0
3;2025-09-24;17.3;0.2;31.3;0;0;0
3;2025-09-25;14.8;0.3;36.4;0;0;0
3;2025-09-26;14.5;2.8;48.2;0;1;0
3;2025-09-27;14.8;0;31.7;0;0;0
3;2025-09-28;14.9;2.3;27;0;0;0
3;2025-09-29;12.1;0.6;30.6;0;0;0
3;2025-09-30;10.3;0.2;18;0;0;0
3;2025-10-01;9.1;1.6;29.2;0;0;0
3;2025-10-02;9.9;0;42.1;0;0;0
3;2025-10-03;8.3;0;41;0;0;0
3;2025-10-04;8.9;0.9;32.8;0;0;0
3;2025-10-05;10.7;3.3;39.6;0;0;0
3;2025-10-06;10.9;0.3;51.8;0;1;0
3;2025-10-07;12.2;0.1;52.9;0;1;0
3;2025-10-08;12.4;0;29.5;0;0;0
3;2025-10-09;13.4;0.6;35.6;0;0;0
3;2025-10-10;13.7;0;56.2;0;1;0
3;2025-10-11;14.8;0;53.6;0;1;0
3;2025-10-12;13.1;0;36.7;0;0;0
3;2025-10-13;12.9;0.2;41;0;0;0
3;2025-10-14;10.1;0;25.9;0;0;0
3;2025-10-15;11.4;0;16.2;0;0;0
3;2025-10-16;11.4;0;22.3;0;0;0
3;2025-10-17;10.2;0;15.5;0;0;0
3;2025-10-18;10.6;0;43.9;0;0;0
3;2025-10-19;7;0;20.5;0;0;0
3;2025-10-20;8.2;0;36.7;0;0;0
3;2025-10-21;11.6;0.4;33.5;0;0;0
3;2025-10-22;13.4;0.1;29.9;0;0;0
3;2025-10-23;16;15.4;60.1;0;1;1
3;2025-10-24;11.1;11.6;58;0;1;1
3;2025-10-25;8.9;0.9;39.2;0;0;0
3;2025-10-26;9.6;0;35.6;0;0;0
3;2025-10-27;9.5;0.3;47.9;0;1;0
3;2025-10-28;10.7;0.3;51.1;0;1;0
3;2025-10-29;12.2;0;40.3;0;0;0
3;2025-10-30;15.8;0;54.7;0;1;0
3;2025-10-31;11.5;0;19.4;0;0;0
3;2025-11-01;13.5;0;32.4;0;0;0
3;2025-11-02;15.2;0;39.6;0;0;0
3;2025-11-03;10.9;6.1;67;0;1;1
3;2025-11-04;8.5;0;27.4;0;0;0
3;2025-11-05;6.8;0;16.6;0;0;0
3;2025-11-06;6.9;0;25.9;0;0;0
3;2025-11-07;7.1;0;21.6;0;0;0
3;2025-11-08;9.1;0.5;24.5;0;0;0
3;2025-11-09;9.4;0;24.1;0;0;0
3;2025-11-10;6.9;0;22;0;0;0
3;2025-11-11;5;0;23;0;0;0
3;2025-11-12;4.6;0;18.4;0;0;0
3;2025-11-13;6;0;19.8;0;0;0
3;2025-11-14;6.6;0;31;0;0;0
3;2025-11-15;7.6;0.9;21.6;0;0;0
3;2025-11-16;9.6;0;27;0;0;0
3;2025-11-17;11.2;3.1;61.2;0;1;0
3;2025-11-18;4.1;1.3;38.9;0;0;0
3;2025-11-19;2.7;0;27.4;0;0;0
3;2025-11-20;4.1;2.7;29.9;0;0;0
3;2025-11-21;2.4;21.7;33.5;0;0;1
3;2025-11-22;1.2;7;35.3;0;0;1
3;2025-11-23;-1.2;0.3;29.2;0;0;0
4;2025-06-01;23.2;0;40;0;0;0
4;2025-06-02;22.3;3.4;41.8;0;0;0
4;2025-06-03;19.6;6.2;18.7;0;0;1
4;2025-06-04;24;0;48.2;0;1;0
4;2025-06-05;24.5;0;52.9;0;1;0
4;2025-06-06;23.7;0;32.4;0;0;0
4;2025-06-07;22.9;0;51.8;0;1;0
4;2025-06-08;18.9;4.4;54;0;1;0
4;2025-06-09;17.7;0.4;41.4;0;0;0
4;2025-06-10;19.5;0;41;0;0;0
4;2025-06-11;20;0.2;46.4;0;1;0
4;2025-06-12;18.5;0;22;0;0;0
4;2025-06-13;19.8;0;32.8;0;0;0
4;2025-06-14;20.2;0;21.2;0;0;0
4;2025-06-15;23.8;0;24.1;0;0;0
4;2025-06-16;20.7;1.7;61.6;0;1;0
4;2025-06-17;20.4;0;51.5;0;1;0
4;2025-06-18;22.5;0;18.7;0;0;0
4;2025-06-19;24.7;0;39.6;0;0;0
4;2025-06-20;21.3;0;39.2;0;0;0
4;2025-06-21;19.8;0;23.8;0;0;0
4;2025-06-22;22.8;0;25.2;0;0;0
4;2025-06-23;25.9;1.8;46.8;1;1;0
4;2025-06-24;25.4;0.1;37.8;1;0;0
4;2025-06-25;27.4;0;31.3;1;0;0
4;2025-06-26;28;0.4;57.2;1;1;0
4;2025-06-27;25.3;0.4;46.8;1;1;0
4;2025-06-28;24;0;56.5;0;1;0
4;2025-06-29;26.5;0;37.4;1;0;0
4;2025-06-30;26.6;0;43.6;1;0;0
4;2025-07-01;24.4;0;22.7;0;0;0
4;2025-07-02;25.9;0;32.4;1;0;0
4;2025-07-03;28.2;0;44.3;1;0;0
4;2025-07-04;24.5;0.2;49;0;1;0
4;2025-07-05;24;0;26.3;0;0;0
4;2025-07-06;27.2;0;47.9;1;1;0
4;2025-07-07;20.5;4.5;40.7;0;0;0
4;2025-07-08;16.1;21;52.6;0;1;1
4;2025-07-09;16.7;3.4;63;0;1;0
4;2025-07-10;18.3;0.9;61.9;0;1;0
4;2025-07-11;19;0.2;38.9;0;0;0
4;2025-07-12;20.6;0;38.2;0;0;0
4;2025-07-13;23.7;1.1;38.9;0;0;0
4;2025-07-14;24.9;4.1;40.7;0;0;0
4;2025-07-15;25;0;43.2;0;0;0
4;2025-07-16;21.8;4.7;35.3;0;0;0
4;2025-07-17;18.8;3;47.2;0;1;0
4;2025-07-18;19.7;2.4;38.9;0;0;0
4;2025-07-19;22.3;0.1;20.5;0;0;0
4;2025-07-20;25.1;0;24.8;1;0;0
4;2025-07-21;26.3;0.7;51.1;1;1;0
4;2025-07-22;23.4;0;22.7;0;0;0
4;2025-07-23;24;0.1;25.6;0;0;0
4;2025-07-24;24.1;0.3;36.4;0;0;0
4;2025-07-25;23.4;8.2;31;0;0;1
4;2025-07-26;20.7;24.4;30.2;0;0;1
4;2025-07-27;20.4;1;49.3;0;1;0
4;2025-07-28;20.9;0.4;43.9;0;0;0
4;2025-07-29;19.6;0.3;56.9;0;1;0
4;2025-07-30;20.6;0;34.9;0;0;0
4;2025-07-31;21.5;0;33.8;0;0;0
4;2025-08-01;20.4;15.4;46.8;0;1;1
4;2025-08-02;19.8;26;31.3;0;0;1
4;2025-08-03;19.3;3.8;39.6;0;0;0
4;2025-08-04;19;0.6;48.2;0;1;0
4;2025-08-05;20.4;0;27.4;0;0;0
4;2025-08-06;20.1;0;46.4;0;1;0
4;2025-08-07;20;0;34.2;0;0;0
4;2025-08-08;24.2;0;32.4;0;0;0
4;2025-08-09;26.6;0;23;1;0;0
4;2025-08-10;28.1;0;37.8;1;0;0
4;2025-08-11;23.6;0;35.3;0;0;0
4;2025-08-12;24;0;28.1;0;0;0
4;2025-08-13;25.9;0;34.2;1;0;0
4;2025-08-14;27.1;0;21.2;1;0;0
4;2025-08-15;27.9;0;16.9;1;0;0
4;2025-08-16;27.2;0;58;1;1;0
4;2025-08-17;23.9;0;47.2;0;1;0
4;2025-08-18;21.4;0;43.6;0;0;0
4;2025-08-19;21.7;0;24.8;0;0;0
4;2025-08-20;24.1;0.1;21.2;0;0;0
4;2025-08-21;21.9;2.7;39.2;0;0;0
4;2025-08-22;19.5;7.3;52.2;0;1;1
4;2025-08-23;17.1;0;44.3;0;0;0
4;2025-08-24;16.5;0;32;0;0;0
4;2025-08-25;18.1;0;29.5;0;0;0
4;2025-08-26;20.7;0;27.7;0;0;0
4;2025-08-27;24.1;0;26.3;0;0;0
4;2025-08-28;26.2;0;61.6;1;1;0
4;2025-08-29;25;2.4;43.9;0;0;0
4;2025-08-30;19.7;21.1;45.4;0;1;1
4;2025-08-31;18.4;7.3;52.6;0;1;1
4;2025-09-01;20.2;0;37.4;0;0;0
4;2025-09-02;20.2;1.3;40.3;0;0;0
4;2025-09-03;20.3;0;36.4;0;0;0
4;2025-09-04;21.4;0;21.2;0;0;0
4;2025-09-05;20.8;1.4;49.3;0;1;0
4;2025-09-06;18.8;0;51.5;0;1;0
4;2025-09-07;18.6;0;24.1;0;0;0
4;2025-09-08;20.3;0;18.4;0;0;0
4;2025-09-09;20.9;0.7;24.5;0;0;0
4;2025-09-10;19.9;21.7;41;0;0;1
4;2025-09-11;19.6;1.3;31.3;0;0;0
4;2025-09-12;18.6;6.6;26.3;0;0;1
4;2025-09-13;19.2;1.4;27.7;0;0;0
4;2025-09-14;17.5;2.3;39.2;0;0;0
4;2025-09-15;19.2;0;37.1;0;0;0
4;2025-09-16;16.2;3.6;37.8;0;0;0
4;2025-09-17;15.6;0;41.8;0;0;0
4;2025-09-18;17.7;0;25.9;0;0;0
4;2025-09-19;19.5;0;18.7;0;0;0
4;2025-09-20;20.7;0;38.2;0;0;0
4;2025-09-21;21.8;0;42.1;0;0;0
4;2025-09-22;21.9;0;40.7;0;0;0
4;2025-09-23;15.4;2.5;37.8;0;0;0
4;2025-09-24;13.3;8.8;31;0;0;1
4;2025-09-25;14.4;2;21.2;0;0;0
4;2025-09-26;14.5;2.7;27;0;0;0
4;2025-09-27;14.3;0;23.8;0;0;0
4;2025-09-28;14.6;0.4;32;0;0;0
4;2025-09-29;11.5;0.2;36.4;0;0;0
4;2025-09-30;9.8;0;28.4;0;0;0
4;2025-10-01;9.2;1.7;46.4;0;1;0
4;2025-10-02;8.6;0;48.6;0;1;0
4;2025-10-03;7.3;0;45.4;0;1;0
4;2025-10-04;9.6;4;45.4;0;1;0
4;2025-10-05;9.8;5.9;33.1;0;0;1
4;2025-10-06;10.2;5.8;42.5;0;0;1
4;2025-10-07;12.6;0.1;50.8;0;1;0
4;2025-10-08;12.2;0;37.4;0;0;0
4;2025-10-09;14.1;0.8;36;0;0;0
4;2025-10-10;14.2;0;49.3;0;1;0
4;2025-10-11;14.9;0;49.3;0;1;0
4;2025-10-12;13.4;0.1;34.6;0;0;0
4;2025-10-13;13.1;0;37.4;0;0;0
4;2025-10-14;10.3;0;31.3;0;0;0
4;2025-10-15;11.3;1.1;21.2;0;0;0
4;2025-10-16;10.9;1.1;18.4;0;0;0
4;2025-10-17;10.8;0.1;15.5;0;0;0
4;2025-10-18;9.6;0.1;43.9;0;0;0
4;2025-10-19;6.4;0;19.8;0;0;0
4;2025-10-20;9.3;0;36.4;0;0;0
4;2025-10-21;13.9;0.2;39.6;0;0;0
4;2025-10-22;14.5;1;45.7;0;1;0
4;2025-10-23;14.2;36.9;67.7;0;1;1
4;2025-10-24;10.4;6.7;47.5;0;1;1
4;2025-10-25;8.7;0.7;30.2;0;0;0
4;2025-10-26;8.4;4;23;0;0;0
4;2025-10-27;7.9;0.1;45;0;0;0
4;2025-10-28;9.1;0.3;39.6;0;0;0
4;2025-10-29;11.2;0;56.5;0;1;0
4;2025-10-30;15;0.1;63.4;0;1;0
4;2025-10-31;12.7;0;22;0;0;0
4;2025-11-01;14.5;0;42.5;0;0;0
4;2025-11-02;14.4;0.3;38.9;0;0;0
4;2025-11-03;9.9;14.4;44.6;0;0;1
4;2025-11-04;7.6;0;16.9;0;0;0
4;2025-11-05;7.4;0;27.7;0;0;0
4;2025-11-06;7.2;0;29.5;0;0;0
4;2025-11-07;6.8;0;37.8;0;0;0
4;2025-11-08;7.7;0.1;19.1;0;0;0
4;2025-11-09;8;0;23.4;0;0;0
4;2025-11-10;7;0;13.3;0;0;0
4;2025-11-11;4.8;0;15.5;0;0;0
4;2025-11-12;3.4;0;22.3;0;0;0
4;2025-11-13;4.9;0;22.3;0;0;0
4;2025-11-14;5.9;0.1;29.9;0;0;0
4;2025-11-15;6.5;0;12.2;0;0;0
4;2025-11-16;8.1;0;34.9;0;0;0
4;2025-11-17;7.8;16.3;55.8;0;1;1
4;2025-11-18;3.5;0.5;38.2;0;0;0
4;2025-11-19;1.5;0.1;27;0;0;0
4;2025-11-20;2.7;6.7;33.5;0;0;1
4;2025-11-21;1.8;4.2;54.4;0;1;0
4;2025-11-22;0.4;4.7;63.7;0;1;0
4;2025-11-23;-1.9;0.5;45;0;0;0
5;2025-06-01;21.9;0;31;0;0;0
5;2025-06-02;23.5;0;31.7;0;0;0
5;2025-06-03;22.1;1.9;36.4;0;0;0
5;2025-06-04;23.4;0;37.8;0;0;0
5;2025-06-05;24.4;0;25.6;0;0;0
5;2025-06-06;23.6;0;30.6;0;0;0
5;2025-06-07;23.7;0;37.1;0;0;0
5;2025-06-08;21.6;0.6;59.4;0;1;0
5;2025-06-09;17.3;0.2;36;0;0;0
5;2025-06-10;18.3;0;23.4;0;0;0
5;2025-06-11;19.7;0;42.5;0;0;0
5;2025-06-12;19.2;0;22.3;0;0;0
5;2025-06-13;19.9;0;22.7;0;0;0
5;2025-06-14;20.3;0;22.7;0;0;0
5;2025-06-15;22.3;0;18;0;0;0
5;2025-06-16;21;0.3;42.5;0;0;0
5;2025-06-17;19.2;0.3;30.6;0;0;0
5;2025-06-18;22.6;0;19.1;0;0;0
5;2025-06-19;23.8;0;30.2;0;0;0
5;2025-06-20;21.1;0;33.1;0;0;0
5;2025-06-21;19.1;0;22.3;0;0;0
5;2025-06-22;21;0;19.1;0;0;0
5;2025-06-23;24.7;0;32;0;0;0
5;2025-06-24;24.8;0.5;31;0;0;0
5;2025-06-25;27.1;0;23.8;1;0;0
5;2025-06-26;28.1;0;30.6;1;0;0
5;2025-06-27;24.5;2.4;52.2;0;1;0
5;2025-06-28;22.9;0;46.8;0;1;0
5;2025-06-29;24.4;0;26.6;0;0;0
5;2025-06-30;25.8;0;34.2;1;0;0
5;2025-07-01;23.7;0;20.9;0;0;0
5;2025-07-02;25;0;17.3;0;0;0
5;2025-07-03;26.7;0;16.6;1;0;0
5;2025-07-04;25.7;0.3;41;1;0;0
5;2025-07-05;23.9;0;20.5;0;0;0
5;2025-07-06;26.8;0;30.2;1;0;0
5;2025-07-07;22;14;41;0;0;1
5;2025-07-08;18.1;14.9;44.3;0;0;1
5;2025-07-09;16;6.2;45.7;0;1;1
5;2025-07-10;18.1;0.2;44.6;0;0;0
5;2025-07-11;18.8;0.2;27.4;0;0;0
5;2025-07-12;20.1;0;24.8;0;0;0
5;2025-07-13;24.6;0;43.9;0;0;0
5;2025-07-14;25.8;0;27.4;1;0;0
5;2025-07-15;24.8;1;37.8;0;0;0
5;2025-07-16;20.7;0.8;35.3;0;0;0
5;2025-07-17;19;1.5;43.2;0;0;0
5;2025-07-18;19.8;0.3;37.4;0;0;0
5;2025-07-19;23.4;0.1;25.9;0;0;0
5;2025-07-20;25.2;0;25.6;1;0;0
5;2025-07-21;27.7;0.1;41.8;1;0;0
5;2025-07-22;24;0;25.9;0;0;0
5;2025-07-23;25;0;24.8;0;0;0
5;2025-07-24;26;0.5;43.9;1;0;0
5;2025-07-25;25.8;2.2;30.6;1;0;0
5;2025-07-26;25.2;6.5;41.4;1;0;1
5;2025-07-27;20.5;21.9;31;0;0;1
5;2025-07-28;21.2;0.3;34.9;0;0;0
5;2025-07-29;20.5;0.1;49.7;0;1;0
5;2025-07-30;20.8;0;35.3;0;0;0
5;2025-07-31;20.8;0;33.5;0;0;0
5;2025-08-01;23.2;0;26.6;0;0;0
5;2025-08-02;23.1;0.1;27;0;0;0
5;2025-08-03;19.5;4.8;38.5;0;0;0
5;2025-08-04;20.3;0;36.7;0;0;0
5;2025-08-05;20.1;0;20.5;0;0;0
5;2025-08-06;20.4;0.4;43.6;0;0;0
5;2025-08-07;20.3;0;24.8;0;0;0
5;2025-08-08;22.9;0;22;0;0;0
5;2025-08-09;26.6;0;20.5;1;0;0
5;2025-08-10;28.3;0;29.9;1;0;0
5;2025-08-11;25.7;0;28.8;1;0;0
5;2025-08-12;24.9;0;22.7;0;0;0
5;2025-08-13;26.1;0;24.5;1;0;0
5;2025-08-14;27.4;0;29.5;1;0;0
5;2025-08-15;28.3;0;26.6;1;0;0
5;2025-08-16;28.3;0;30.6;1;0;0
5;2025-08-17;24.8;1.2;46.1;0;1;0
5;2025-08-18;21.4;0;25.9;0;0;0
5;2025-08-19;21.3;0;21.6;0;0;0
5;2025-08-20;24;0;29.9;0;0;0
5;2025-08-21;21.3;14.4;32.8;0;0;1
5;2025-08-22;19.9;0;47.5;0;1;0
5;2025-08-23;17.5;0;33.5;0;0;0
5;2025-08-24;16.3;0;26.3;0;0;0
5;2025-08-25;17.3;0;27.7;0;0;0
5;2025-08-26;20.8;0;28.8;0;0;0
5;2025-08-27;23.6;0;30.6;0;0;0
5;2025-08-28;26;0;35.6;1;0;0
5;2025-08-29;26.3;1;42.1;1;0;0
5;2025-08-30;19.6;11.4;27.7;0;0;1
5;2025-08-31;18.3;5.1;40;0;0;1
5;2025-09-01;20.6;0;27.7;0;0;0
5;2025-09-02;23;2.3;28.1;0;0;0
5;2025-09-03;21.2;0.1;23;0;0;0
5;2025-09-04;21.8;0;16.2;0;0;0
5;2025-09-05;23.6;0;30.2;0;0;0
5;2025-09-06;19.9;0.1;32.8;0;0;0
5;2025-09-07;20;0;17.3;0;0;0
5;2025-09-08;21.6;0;21.2;0;0;0
5;2025-09-09;22.2;2.4;23;0;0;0
5;2025-09-10;21.5;9.7;42.1;0;0;1
5;2025-09-11;20.6;0;27.4;0;0;0
5;2025-09-12;20.2;0.4;16.2;0;0;0
5;2025-09-13;21.3;0;27.7;0;0;0
5;2025-09-14;19;6.4;36.4;0;0;1
5;2025-09-15;19.4;0;31;0;0;0
5;2025-09-16;18.4;0.4;42.1;0;0;0
5;2025-09-17;16.5;0;38.9;0;0;0
5;2025-09-18;17;0;29.2;0;0;0
5;2025-09-19;19.6;0;21.2;0;0;0
5;2025-09-20;21.7;0;27.7;0;0;0
5;2025-09-21;23;0;32;0;0;0
5;2025-09-22;22.4;0;29.2;0;0;0
5;2025-09-23;19.7;0.1;30.6;0;0;0
5;2025-09-24;17.9;2;24.1;0;0;0
5;2025-09-25;16.2;3.6;27.4;0;0;0
5;2025-09-26;16.3;0.7;37.1;0;0;0
5;2025-09-27;15.5;0.1;29.5;0;0;0
5;2025-09-28;14.9;0.3;27;0;0;0
5;2025-09-29;12.6;0.3;28.8;0;0;0
5;2025-09-30;10.2;0;16.9;0;0;0
5;2025-10-01;9.5;3.1;31.7;0;0;0
5;2025-10-02;9.9;0;41.4;0;0;0
5;2025-10-03;8.4;0;44.6;0;0;0
5;2025-10-04;9.2;0.1;32.4;0;0;0
5;2025-10-05;10.3;5.3;30.2;0;0;1
5;2025-10-06;10.2;8.5;44.3;0;0;1
5;2025-10-07;12.3;0.2;43.6;0;0;0
5;2025-10-08;11.9;0;32;0;0;0
5;2025-10-09;12.4;0.1;27.4;0;0;0
5;2025-10-10;14.4;0;47.5;0;1;0
5;2025-10-11;14.5;0.1;47.2;0;1;0
5;2025-10-12;12.8;0;37.4;0;0;0
5;2025-10-13;12.5;0;38.2;0;0;0
5;2025-10-14;10.3;0;22;0;0;0
5;2025-10-15;10.7;0;14.4;0;0;0
5;2025-10-16;10.3;0;20.5;0;0;0
5;2025-10-17;9.5;0;18.7;0;0;0
5;2025-10-18;9.8;0;37.8;0;0;0
5;2025-10-19;6.3;0;15.5;0;0;0
5;2025-10-20;10.1;0;29.2;0;0;0
5;2025-10-21;13.5;1.2;27.4;0;0;0
5;2025-10-22;15;0.5;31;0;0;0
5;2025-10-23;17.7;11.3;44.3;0;0;1
5;2025-10-24;10.3;10.7;65.5;0;1;1
5;2025-10-25;10.5;3.3;40.7;0;0;0
5;2025-10-26;9.9;4.1;19.1;0;0;0
5;2025-10-27;9.4;0.9;43.6;0;0;0
5;2025-10-28;10.4;0;34.6;0;0;0
5;2025-10-29;12.6;0;38.9;0;0;0
5;2025-10-30;15.5;3;48.6;0;1;0
5;2025-10-31;15.4;0;22;0;0;0
5;2025-11-01;15.1;0;23.8;0;0;0
5;2025-11-02;16.4;0;40.7;0;0;0
5;2025-11-03;11.2;10.1;48.6;0;1;1
5;2025-11-04;8.4;0;24.5;0;0;0
5;2025-11-05;7.7;0;13.3;0;0;0
5;2025-11-06;7.6;0;23.8;0;0;0
5;2025-11-07;8.9;0;22.7;0;0;0
5;2025-11-08;9.5;0.4;25.2;0;0;0
5;2025-11-09;8.8;0;16.9;0;0;0
5;2025-11-10;6.1;0;16.9;0;0;0
5;2025-11-11;4.4;0;26.6;0;0;0
5;2025-11-12;4.3;0;13.3;0;0;0
5;2025-11-13;7.1;0;23.4;0;0;0
5;2025-11-14;9.5;0;27;0;0;0
5;2025-11-15;11.5;0;28.1;0;0;0
5;2025-11-16;13.6;0.2;34.9;0;0;0
5;2025-11-17;12.8;1.8;59.8;0;1;0
5;2025-11-18;5.1;2.3;34.6;0;0;0
5;2025-11-19;4.5;0;19.4;0;0;0
5;2025-11-20;6;4.8;33.8;0;0;0
5;2025-11-21;2.3;22.3;38.5;0;0;1
5;2025-11-22;0.9;10.9;38.5;0;0;1
5;2025-11-23;-1;0;27.7;0;0;0
6;2025-06-01;23;0;35.6;0;0;0
6;2025-06-02;23.1;0;25.2;0;0;0
6;2025-06-03;20.4;0;40;0;0;0
6;2025-06-04;22.8;0;43.6;0;0;0
6;2025-06-05;24.8;0.5;43.2;0;0;0
6;2025-06-06;24.1;0;46.8;0;1;0
6;2025-06-07;24.2;0;52.9;0;1;0
6;2025-06-08;20.1;0;60.5;0;1;0
6;2025-06-09;16.7;0.2;46.8;0;1;0
6;2025-06-10;18.6;0;30.6;0;0;0
6;2025-06-11;19.3;0;55.4;0;1;0
6;2025-06-12;18.9;0;30.2;0;0;0
6;2025-06-13;20;0;32;0;0;0
6;2025-06-14;20.5;0;29.2;0;0;0
6;2025-06-15;23.4;0;23.8;0;0;0
6;2025-06-16;21.7;0.2;57.6;0;1;0
6;2025-06-17;19.6;0.1;37.8;0;0;0
6;2025-06-18;22.9;0;31.7;0;0;0
6;2025-06-19;24.7;0.1;46.8;0;1;0
6;2025-06-20;20.2;0;48.2;0;1;0
6;2025-06-21;20.3;0;32.8;0;0;0
6;2025-06-22;23;0;28.8;0;0;0
6;2025-06-23;25.8;0.5;45.7;1;1;0
6;2025-06-24;23.7;1;59.8;0;1;0
6;2025-06-25;27.1;0;48.2;1;1;0
6;2025-06-26;29.3;0;71.6;1;1;0
6;2025-06-27;24.1;0;61.9;0;1;0
6;2025-06-28;22.1;0;51.5;0;1;0
6;2025-06-29;25;0;46.4;0;1;0
6;2025-06-30;25.3;0;51.8;1;1;0
6;2025-07-01;24;0;31;0;0;0
6;2025-07-02;25.6;0;31;1;0;0
6;2025-07-03;28.2;0;31.3;1;0;0
6;2025-07-04;25.1;0.7;47.5;1;1;0
6;2025-07-05;23.4;0;30.6;0;0;0
6;2025-07-06;26.3;0;36;1;0;0
6;2025-07-07;21.1;4.9;53.6;0;1;0
6;2025-07-08;16.8;14.8;54;0;1;1
6;2025-07-09;14.8;1.9;76;0;1;0
6;2025-07-10;17;0.8;58.7;0;1;0
6;2025-07-11;18.2;0.2;29.9;0;0;0
6;2025-07-12;20.1;0;34.6;0;0;0
6;2025-07-13;24;0.1;50;0;1;0
6;2025-07-14;25.9;0;39.6;1;0;0
6;2025-07-15;24.7;0.2;45.7;0;1;0
6;2025-07-16;21.5;0;47.9;0;1;0
6;2025-07-17;18.3;1.3;46.4;0;1;0
6;2025-07-18;17.7;0.8;43.2;0;0;0
6;2025-07-19;21;0.2;29.5;0;0;0
6;2025-07-20;24.8;0;37.8;0;0;0
6;2025-07-21;26.6;0.1;49.7;1;1;0
6;2025-07-22;23.1;0;44.6;0;0;0
6;2025-07-23;24.3;0;30.2;0;0;0
6;2025-07-24;25;0;39.2;0;0;0
6;2025-07-25;24.6;0.7;33.1;0;0;0
6;2025-07-26;23.5;19.5;31;0;0;1
6;2025-07-27;19.7;20.2;29.5;0;0;1
6;2025-07-28;19.3;0.3;47.9;0;1;0
6;2025-07-29;19;0;49.7;0;1;0
6;2025-07-30;19.2;0.1;34.9;0;0;0
6;2025-07-31;19.6;0;43.9;0;0;0
6;2025-08-01;21.2;1.3;38.5;0;0;0
6;2025-08-02;21.3;2.9;32.8;0;0;0
6;2025-08-03;18.2;10.1;51.1;0;1;1
6;2025-08-04;18.8;0;40.7;0;0;0
6;2025-08-05;19.7;0;34.6;0;0;0
6;2025-08-06;19.3;0.9;49;0;1;0
6;2025-08-07;19.7;0;22.7;0;0;0
6;2025-08-08;22.6;0;31;0;0;0
6;2025-08-09;26.7;0;25.9;1;0;0
6;2025-08-10;28;0;42.8;1;0;0
6;2025-08-11;24.4;0;23.4;0;0;0
6;2025-08-12;23.5;0;20.9;0;0;0
6;2025-08-13;25.3;0;24.8;1;0;0
6;2025-08-14;27;0;25.9;1;0;0
6;2025-08-15;28.2;0;23.4;1;0;0
6;2025-08-16;28.4;0;34.9;1;0;0
6;2025-08-17;22.7;5.1;43.2;0;0;1
6;2025-08-18;21;0;29.5;0;0;0
6;2025-08-19;20.6;0;26.6;0;0;0
6;2025-08-20;23;0;36.7;0;0;0
6;2025-08-21;19.6;9;25.6;0;0;1
6;2025-08-22;18.4;1.8;47.5;0;1;0
6;2025-08-23;15.3;0;48.6;0;1;0
6;2025-08-24;14.1;0;38.2;0;0;0
6;2025-08-25;16.5;0;37.1;0;0;0
6;2025-08-26;18.5;0;31;0;0;0
6;2025-08-27;22.1;0;31.3;0;0;0
6;2025-08-28;24.6;0;51.8;0;1;0
6;2025-08-29;25.6;2.4;46.1;1;1;0
6;2025-08-30;19.8;10.8;23.8;0;0;1
6;2025-08-31;18.7;0.5;41.8;0;0;0
6;2025-09-01;20;0;24.5;0;0;0
6;2025-09-02;22;0.2;35.3;0;0;0
6;2025-09-03;20.8;5.6;35.6;0;0;1
6;2025-09-04;22.4;0;23.4;0;0;0
6;2025-09-05;23.6;0.1;41.4;0;0;0
6;2025-09-06;18.8;0;52.2;0;1;0
6;2025-09-07;19.7;0;23.8;0;0;0
6;2025-09-08;20.8;0.3;27.4;0;0;0
6;2025-09-09;21;0.1;25.6;0;0;0
6;2025-09-10;19.7;14.1;39.6;0;0;1
6;2025-09-11;18.9;8.2;34.9;0;0;1
6;2025-09-12;19.5;0;18;0;0;0
6;2025-09-13;19.7;0;27.4;0;0;0
6;2025-09-14;16.7;16.3;35.3;0;0;1
6;2025-09-15;17.2;0;37.1;0;0;0
6;2025-09-16;15.7;0.2;40.3;0;0;0
6;2025-09-17;14.1;0;50.4;0;1;0
6;2025-09-18;15.5;0;37.4;0;0;0
6;2025-09-19;19.4;0;29.9;0;0;0
6;2025-09-20;20.6;0;29.2;0;0;0
6;2025-09-21;22.1;0;42.8;0;0;0
6;2025-09-22;21.9;0;30.6;0;0;0
6;2025-09-23;18.4;0.9;35.3;0;0;0
6;2025-09-24;15.7;2.2;33.5;0;0;0
6;2025-09-25;12.7;1.7;38.2;0;0;0
6;2025-09-26;12.6;0;36;0;0;0
6;2025-09-27;13.2;0.8;25.2;0;0;0
6;2025-09-28;13;2.5;28.4;0;0;0
6;2025-09-29;11.1;0.1;29.5;0;0;0
6;2025-09-30;9.5;0.4;15.1;0;0;0
6;2025-10-01;8.2;4.3;29.9;0;0;0
6;2025-10-02;7.9;0;40.7;0;0;0
6;2025-10-03;7.2;0;43.6;0;0;0
6;2025-10-04;7.7;1.2;28.4;0;0;0
6;2025-10-05;9.3;1.7;39.2;0;0;0
6;2025-10-06;9.4;0.1;47.9;0;1;0
6;2025-10-07;10.6;0.1;45.4;0;1;0
6;2025-10-08;11.3;0;26.6;0;0;0
6;2025-10-09;12.1;1.7;35.3;0;0;0
6;2025-10-10;12;0;56.9;0;1;0
6;2025-10-11;13.1;0;55.4;0;1;0
6;2025-10-12;11.6;0;37.4;0;0;0
6;2025-10-13;11.3;0;37.4;0;0;0
6;2025-10-14;8.5;0;31.7;0;0;0
6;2025-10-15;10.2;0;16.6;0;0;0
6;2025-10-16;10.7;0;21.6;0;0;0
6;2025-10-17;9.7;0;17.6;0;0;0
6;2025-10-18;9.2;0.3;47.9;0;1;0
6;2025-10-19;5.9;0;27.4;0;0;0
6;2025-10-20;6.3;0;34.2;0;0;0
6;2025-10-21;8.2;0.9;29.5;0;0;0
6;2025-10-22;11.4;0.1;28.1;0;0;0
6;2025-10-23;14.4;11;54.7;0;1;1
6;2025-10-24;9.3;12.1;69.8;0;1;1
6;2025-10-25;7.8;0.6;40;0;0;0
6;2025-10-26;8.3;0;40.3;0;0;0
6;2025-10-27;7.7;0.6;49.7;0;1;0
6;2025-10-28;8.8;0.7;50.4;0;1;0
6;2025-10-29;11.8;0;36.4;0;0;0
6;2025-10-30;13.8;0;58.3;0;1;0
6;2025-10-31;10.8;0;18;0;0;0
6;2025-11-01;12.5;0;29.5;0;0;0
6;2025-11-02;13.2;0;41.4;0;0;0
6;2025-11-03;9.7;3.4;68.8;0;1;0
6;2025-11-04;7.6;0;38.5;0;0;0
6;2025-11-05;6.4;0;18;0;0;0
6;2025-11-06;6.1;0;23.8;0;0;0
6;2025-11-07;6;0;22.3;0;0;0
6;2025-11-08;7.5;2.3;18;0;0;0
6;2025-11-09;8.5;0;24.8;0;0;0
6;2025-11-10;7.2;0.1;22.7;0;0;0
6;2025-11-11;6;0;20.5;0;0;0
6;2025-11-12;4.1;0;17.6;0;0;0
6;2025-11-13;4.3;0.1;23;0;0;0
6;2025-11-14;5.4;0;29.2;0;0;0
6;2025-11-15;6.6;2.6;20.9;0;0;0
6;2025-11-16;8.2;0.4;27;0;0;0
6;2025-11-17;9;6.5;63;0;1;1
6;2025-11-18;2.9;1.3;47.2;0;1;0
6;2025-11-19;1.2;0;25.6;0;0;0
6;2025-11-20;2.8;2;29.5;0;0;0
6;2025-11-21;1.6;23.4;31.7;0;0;1
6;2025-11-22;0.7;6.1;36;0;0;1
6;2025-11-23;-2;1;29.5;0;0;0
7;2025-06-01;22.7;0;29.5;0;0;0
7;2025-06-02;23.7;0;26.3;0;0;0
7;2025-06-03;22;0;45;0;0;0
7;2025-06-04;23.1;0;39.6;0;0;0
7;2025-06-05;24.8;0;33.8;0;0;0
7;2025-06-06;24.3;0;40;0;0;0
7;2025-06-07;24.6;0;45.4;0;1;0
7;2025-06-08;21.5;0.3;52.2;0;1;0
7;2025-06-09;17.4;0.1;40.7;0;0;0
7;2025-06-10;18.6;0;23.8;0;0;0
7;2025-06-11;19.8;0;51.8;0;1;0
7;2025-06-12;18.7;0;24.8;0;0;0
7;2025-06-13;19.3;0;34.2;0;0;0
7;2025-06-14;19.7;0;28.4;0;0;0
7;2025-06-15;22.2;0;25.6;0;0;0
7;2025-06-16;23;0.3;48.2;0;1;0
7;2025-06-17;20.2;5;25.9;0;0;0
7;2025-06-18;22.2;0;27.4;0;0;0
7;2025-06-19;23.5;0.3;37.1;0;0;0
7;2025-06-20;19.5;0;35.6;0;0;0
7;2025-06-21;18.3;0;22.3;0;0;0
7;2025-06-22;21.1;0;23;0;0;0
7;2025-06-23;24.8;0.7;37.4;0;0;0
7;2025-06-24;24.3;0;49.3;0;1;0
7;2025-06-25;26.8;0;43.2;1;0;0
7;2025-06-26;28.2;0;23.8;1;0;0
7;2025-06-27;25.5;0.3;64.1;1;1;0
7;2025-06-28;23.3;0;41.8;0;0;0
7;2025-06-29;25;0;40.7;0;0;0
7;2025-06-30;25.8;0;42.8;1;0;0
7;2025-07-01;23.1;0;33.5;0;0;0
7;2025-07-02;24.4;0;22.7;0;0;0
7;2025-07-03;27.2;0;21.6;1;0;0
7;2025-07-04;25.8;0.3;40.3;1;0;0
7;2025-07-05;23.1;0;23.8;0;0;0
7;2025-07-06;25.8;0;50;1;1;0
7;2025-07-07;22;20.1;48.2;0;1;1
7;2025-07-08;18.1;16.5;36;0;0;1
7;2025-07-09;16.1;14.4;56.5;0;1;1
7;2025-07-10;18.2;0.7;44.3;0;0;0
7;2025-07-11;18.2;3.3;29.2;0;0;0
7;2025-07-12;19.3;0;28.4;0;0;0
7;2025-07-13;23.1;0;40.7;0;0;0
7;2025-07-14;25.3;0;27.4;1;0;0
7;2025-07-15;24.8;0.2;33.5;0;0;0
7;2025-07-16;22.3;0;40.7;0;0;0
7;2025-07-17;19.5;0.3;45.7;0;1;0
7;2025-07-18;18.4;1.5;32;0;0;0
7;2025-07-19;21.1;0;29.9;0;0;0
7;2025-07-20;24.4;0;26.6;0;0;0
7;2025-07-21;26.3;0.3;34.9;1;0;0
7;2025-07-22;23.6;0;38.5;0;0;0
7;2025-07-23;24.4;0;25.2;0;0;0
7;2025-07-24;25;0;26.6;0;0;0
7;2025-07-25;25.7;0;29.5;1;0;0
7;2025-07-26;25.2;4.4;36;1;0;0
7;2025-07-27;21.7;2.6;25.2;0;0;0
7;2025-07-28;21.1;1.1;40.7;0;0;0
7;2025-07-29;21.2;2.2;39.6;0;0;0
7;2025-07-30;21;0.2;30.6;0;0;0
7;2025-07-31;21.4;0;41.8;0;0;0
7;2025-08-01;22.3;0.1;33.8;0;0;0
7;2025-08-02;22.5;1.4;41.4;0;0;0
7;2025-08-03;20.4;7;34.6;0;0;1
7;2025-08-04;20.8;0.5;29.9;0;0;0
7;2025-08-05;21.3;0;23.4;0;0;0
7;2025-08-06;20.9;0.7;42.8;0;0;0
7;2025-08-07;20.6;0;25.9;0;0;0
7;2025-08-08;23.1;0;29.9;0;0;0
7;2025-08-09;26.8;0;25.6;1;0;0
7;2025-08-10;28.1;0;43.6;1;0;0
7;2025-08-11;24.2;0;35.3;0;0;0
7;2025-08-12;23.4;0;24.5;0;0;0
7;2025-08-13;24.3;0;22.3;0;0;0
7;2025-08-14;26.3;0;24.8;1;0;0
7;2025-08-15;27.7;0;22;1;0;0
7;2025-08-16;28.4;0;23.4;1;0;0
7;2025-08-17;23.4;5.4;31.3;0;0;1
7;2025-08-18;22.1;0;35.3;0;0;0
7;2025-08-19;21;0;25.2;0;0;0
7;2025-08-20;23.5;0;31.7;0;0;0
7;2025-08-21;20;15.1;25.2;0;0;1
7;2025-08-22;19.1;4.4;43.9;0;0;0
7;2025-08-23;16.8;0;47.2;0;1;0
7;2025-08-24;15.6;0;35.3;0;0;0
7;2025-08-25;17;0;33.5;0;0;0
7;2025-08-26;19.7;0;37.8;0;0;0
7;2025-08-27;22.7;0;32.4;0;0;0
7;2025-08-28;24.5;0;40;0;0;0
7;2025-08-29;26.3;0.4;50;1;1;0
7;2025-08-30;21.3;8;27.7;0;0;1
7;2025-08-31;20.3;0.4;25.2;0;0;0
7;2025-09-01;21.7;0.2;25.6;0;0;0
7;2025-09-02;23.4;0;31.3;0;0;0
7;2025-09-03;22.9;0.5;32;0;0;0
7;2025-09-04;23;0.1;23;0;0;0
7;2025-09-05;25;0;30.2;0;0;0
7;2025-09-06;21;0;38.5;0;0;0
7;2025-09-07;20.5;0;18.7;0;0;0
7;2025-09-08;20.9;0.2;36.4;0;0;0
7;2025-09-09;20.1;1.7;23.8;0;0;0
7;2025-09-10;20.3;2.8;38.9;0;0;0
7;2025-09-11;20.1;3.5;36.7;0;0;0
7;2025-09-12;19.6;0;18.4;0;0;0
7;2025-09-13;19.9;0;24.1;0;0;0
7;2025-09-14;17.4;23.6;29.9;0;0;1
7;2025-09-15;17.8;0;33.8;0;0;0
7;2025-09-16;16.8;0.3;38.9;0;0;0
7;2025-09-17;15.3;0;46.4;0;1;0
7;2025-09-18;16.4;0;33.1;0;0;0
7;2025-09-19;19.7;0;25.6;0;0;0
7;2025-09-20;20;0;21.2;0;0;0
7;2025-09-21;21.8;0;38.5;0;0;0
7;2025-09-22;22.5;0;31.7;0;0;0
7;2025-09-23;20.3;0;24.5;0;0;0
7;2025-09-24;16.6;0;40.7;0;0;0
7;2025-09-25;13.3;6.9;41.4;0;0;1
7;2025-09-26;13.5;0.5;34.6;0;0;0
7;2025-09-27;13.7;0;25.9;0;0;0
7;2025-09-28;14;0;24.8;0;0;0
7;2025-09-29;11.5;0;27.7;0;0;0
7;2025-09-30;10;0.4;16.2;0;0;0
7;2025-10-01;9.3;0.9;37.8;0;0;0
7;2025-10-02;8.3;0;45.4;0;1;0
7;2025-10-03;8.1;0;46.8;0;1;0
7;2025-10-04;8.6;0.5;29.2;0;0;0
7;2025-10-05;10.4;1;36.4;0;0;0
7;2025-10-06;10.8;0;36.4;0;0;0
7;2025-10-07;11.3;2.2;33.1;0;0;0
7;2025-10-08;12;0;33.1;0;0;0
7;2025-10-09;12.4;0.3;30.2;0;0;0
7;2025-10-10;13;0;52.6;0;1;0
7;2025-10-11;14.1;0;45.4;0;1;0
7;2025-10-12;12.4;0;30.2;0;0;0
7;2025-10-13;11.2;0.3;25.6;0;0;0
7;2025-10-14;9.6;0.3;22;0;0;0
7;2025-10-15;10.1;0;19.1;0;0;0
7;2025-10-16;10.7;0;22;0;0;0
7;2025-10-17;9.8;0;19.8;0;0;0
7;2025-10-18;10;0;45.4;0;1;0
7;2025-10-19;6.2;0;24.5;0;0;0
7;2025-10-20;5.7;0;28.8;0;0;0
7;2025-10-21;7.8;2.6;26.6;0;0;0
7;2025-10-22;11.4;0.5;25.6;0;0;0
7;2025-10-23;15.9;7.3;51.8;0;1;1
7;2025-10-24;10.6;14.1;64.8;0;1;1
7;2025-10-25;8.7;3.3;40.3;0;0;0
7;2025-10-26;9;0;28.1;0;0;0
7;2025-10-27;8.9;0.5;44.6;0;0;0
7;2025-10-28;9.7;0.2;49.7;0;1;0
7;2025-10-29;11.9;0;33.1;0;0;0
7;2025-10-30;14.6;0;51.8;0;1;0
7;2025-10-31;12.1;0;14.8;0;0;0
7;2025-11-01;12.6;0;25.2;0;0;0
7;2025-11-02;14.2;0;38.5;0;0;0
7;2025-11-03;11;0.8;53.6;0;1;0
7;2025-11-04;8.2;0;25.9;0;0;0
7;2025-11-05;6.8;0;18.7;0;0;0
7;2025-11-06;6.5;0;24.1;0;0;0
7;2025-11-07;7;0;22.7;0;0;0
7;2025-11-08;8.8;4;19.4;0;0;0
7;2025-11-09;9.4;0.2;25.9;0;0;0
7;2025-11-10;7.2;0;21.6;0;0;0
7;2025-11-11;6.2;0;22.3;0;0;0
7;2025-11-12;4.9;0.1;16.2;0;0;0
7;2025-11-13;5.8;0.1;16.6;0;0;0
7;2025-11-14;6.7;0;23;0;0;0
7;2025-11-15;7.3;1;18.7;0;0;0
7;2025-11-16;9.4;0.1;31;0;0;0
7;2025-11-17;10.7;4;56.2;0;1;0
7;2025-11-18;4.2;0.7;37.4;0;0;0
7;2025-11-19;2.3;0;20.5;0;0;0
7;2025-11-20;4.8;1.3;27.7;0;0;0
7;2025-11-21;3.5;15.3;34.9;0;0;1
7;2025-11-22;2.1;6;40.7;0;0;1
7;2025-11-23;0;0.7;29.2;0;0;0
